{"loss": [0.7717670202255249], "accuracy": [0.75], "val_loss": [0.6483088731765747], "val_accuracy": [0.5]}