{"loss": [1.2634330987930298], "accuracy": [0.0], "val_loss": [0.4972826838493347], "val_accuracy": [0.75]}