{"loss": [0.8590700626373291], "accuracy": [0.5], "val_loss": [0.617347240447998], "val_accuracy": [0.5]}