{"loss": [0.8984566926956177], "accuracy": [0.5], "val_loss": [0.7092764377593994], "val_accuracy": [0.5]}