{"loss": [0.6310062408447266], "accuracy": [0.5], "val_loss": [0.3982515335083008], "val_accuracy": [1.0]}