{"loss": [0.9567872285842896], "accuracy": [0.25], "val_loss": [0.8104857206344604], "val_accuracy": [0.5]}