{"loss": [0.6752892136573792], "accuracy": [0.5], "val_loss": [0.2923307418823242], "val_accuracy": [1.0]}