{"loss": [1.8827706575393677], "accuracy": [0.5], "val_loss": [1.2623625993728638], "val_accuracy": [0.5]}