{"loss": [1.525309443473816], "accuracy": [0.5], "val_loss": [1.2494393587112427], "val_accuracy": [0.25]}