{"loss": [0.6509127616882324], "accuracy": [0.5], "val_loss": [0.5869280099868774], "val_accuracy": [1.0]}