{"loss": [1.340712070465088], "accuracy": [0.5], "val_loss": [0.9381197094917297], "val_accuracy": [0.5]}