{"loss": [0.4897274971008301], "accuracy": [0.75], "val_loss": [1.6545698642730713], "val_accuracy": [0.5]}