{"loss": [0.6568777561187744], "accuracy": [0.75], "val_loss": [0.5390501022338867], "val_accuracy": [0.5]}