{"loss": [0.6586655378341675], "accuracy": [0.75], "val_loss": [1.4853010177612305], "val_accuracy": [0.25]}