{"loss": [0.44934797286987305], "accuracy": [0.75], "val_loss": [2.248110294342041], "val_accuracy": [0.25]}