{"loss": [0.4803096354007721], "accuracy": [0.75], "val_loss": [1.0066065788269043], "val_accuracy": [0.5]}