{"loss": [1.714536190032959], "accuracy": [0.5], "val_loss": [1.0604387521743774], "val_accuracy": [0.5]}