{"loss": [1.5407148599624634], "accuracy": [0.0], "val_loss": [0.9259377717971802], "val_accuracy": [0.5]}