{"loss": [0.773931622505188], "accuracy": [0.75], "val_loss": [1.2176393270492554], "val_accuracy": [0.5]}