{"loss": [0.8050961494445801], "accuracy": [0.5], "val_loss": [0.43788644671440125], "val_accuracy": [0.75]}