{"loss": [0.9865801930427551], "accuracy": [0.25], "val_loss": [0.6123408079147339], "val_accuracy": [0.5]}