{"loss": [0.9937179684638977], "accuracy": [0.4000000059604645], "val_loss": [0.41944319009780884], "val_accuracy": [1.0]}