{"loss": [1.7521363496780396], "accuracy": [0.5], "val_loss": [0.7106845378875732], "val_accuracy": [0.75]}