{"loss": [0.6204136610031128], "accuracy": [0.5], "val_loss": [0.3712758421897888], "val_accuracy": [1.0]}