{"loss": [0.9934329986572266], "accuracy": [0.75], "val_loss": [1.788155436515808], "val_accuracy": [0.25]}