{"loss": [0.8214483857154846], "accuracy": [0.5], "val_loss": [0.642594039440155], "val_accuracy": [0.5]}