{"loss": [0.8201262950897217], "accuracy": [0.25], "val_loss": [0.40923231840133667], "val_accuracy": [1.0]}