{"loss": [0.6066209077835083], "accuracy": [0.5], "val_loss": [0.6255950331687927], "val_accuracy": [0.5]}