{"loss": [0.685413122177124], "accuracy": [0.25], "val_loss": [0.5379316210746765], "val_accuracy": [0.5]}