{"loss": [1.744053602218628], "accuracy": [0.5], "val_loss": [0.5970160961151123], "val_accuracy": [0.75]}