{"loss": [1.003226637840271], "accuracy": [0.4000000059604645], "val_loss": [0.4538547396659851], "val_accuracy": [1.0]}