{"loss": [0.84417325258255], "accuracy": [0.5], "val_loss": [0.5666135549545288], "val_accuracy": [0.5]}