{"loss": [0.6598753929138184], "accuracy": [0.5], "val_loss": [0.5319099426269531], "val_accuracy": [1.0]}