{"loss": [0.7353383302688599], "accuracy": [0.75], "val_loss": [0.587735652923584], "val_accuracy": [0.5]}