{"loss": [0.6555402278900146], "accuracy": [0.5], "val_loss": [0.4253244996070862], "val_accuracy": [1.0]}