{"loss": [0.9433544278144836], "accuracy": [0.25], "val_loss": [1.0590802431106567], "val_accuracy": [0.5]}