{"loss": [0.6059434413909912], "accuracy": [0.5], "val_loss": [0.46563586592674255], "val_accuracy": [1.0]}