{"loss": [0.8417649269104004], "accuracy": [0.5], "val_loss": [1.1278350353240967], "val_accuracy": [0.25]}