{"loss": [0.8970022797584534], "accuracy": [0.75], "val_loss": [1.189286231994629], "val_accuracy": [0.5]}