{"loss": [0.625174343585968], "accuracy": [0.75], "val_loss": [0.5944551825523376], "val_accuracy": [0.5]}