{"loss": [0.8356513977050781], "accuracy": [0.5], "val_loss": [0.48265892267227173], "val_accuracy": [1.0]}