{"loss": [0.821911633014679], "accuracy": [0.5], "val_loss": [0.480202853679657], "val_accuracy": [1.0]}