{"loss": [0.5290801525115967], "accuracy": [0.75], "val_loss": [0.6282157301902771], "val_accuracy": [0.5]}