{"loss": [0.9881796836853027], "accuracy": [0.25], "val_loss": [0.90946364402771], "val_accuracy": [0.5]}