{"loss": [0.79183030128479], "accuracy": [0.75], "val_loss": [1.1408299207687378], "val_accuracy": [0.25]}