{"loss": [0.8748056888580322], "accuracy": [0.25], "val_loss": [0.8485405445098877], "val_accuracy": [0.5]}