{"loss": [1.7581701278686523], "accuracy": [0.5], "val_loss": [1.001929759979248], "val_accuracy": [0.5]}