{"loss": [0.9981774687767029], "accuracy": [0.5], "val_loss": [0.7900330424308777], "val_accuracy": [0.5]}