{"loss": [0.6449971199035645], "accuracy": [0.5], "val_loss": [0.5263156890869141], "val_accuracy": [1.0]}